initial_raw,final_raw
,
,%
,*
,-一
,=)
,By
,Es
,He
,Kaa
,Na
,O
,a
,a)
,sh
,tf
,°
,下
,于
,演
,站
,路
(,
(,Es
(,He
(,a
(,下
-,
-,*
-,Es
-,a)
2%,
2%,Kaa
2%,O
2%,于
2%,演
4A,
4A,%
4A,-一
4A,By
4A,a
4A,tf
4A,站
4A,路
<b,
<b,%
<b,Na
<b,O
<b,tf
<b,站
<b,路
=,
=,=)
=,O
=,演
Ae,
Ae,%
Ae,-一
Ae,By
Ae,Na
Ae,O
Ae,tf
Ae,于
Ae,演
Ae,站
Ae,路
Bf,
Bf,=)
Bf,O
Bf,演
FH,
FH,Es
FH,He
FH,a)
Gy,
Gy,%
Gy,Na
Gy,a
Gy,tf
Gy,路
HH,
HH,%
HH,-一
HH,Na
HH,O
HH,站
HH,路
HY,
HY,By
HY,a
HY,tf
HY,站
Hf,
Hf,=)
Hf,O
Hf,sh
Hf,演
Lf,
Lf,%
Lf,-一
Lf,By
Lf,Na
Lf,O
Lf,站
RN,
RN,*
RN,a
RN,a)
RN,°
Y,
Y,%
Y,-一
Y,By
Y,Na
Y,O
Y,站
Y,路
[es,
[es,O
[es,sh
[es,演
a,
a,Es
a,a
a,a)
a,下
a                      ;,
a                      ;,*
a                      ;,Es
a                      ;,a)
a                      ;,°
aa,
aa,%
aa,-一
aa,Na
aa,O
aa,a
aa,tf
aa,路
ae,
ae,*
ae,Es
ae,a)
ae,下
bt,
bt,%
bt,By
bt,Na
bt,O
bt,a
bt,tf
bt,站
bt,路
ea,
ea,O
ea,sh
ea,于
ey,
ey,%
ey,-一
ey,By
ey,Na
ey,a
ey,tf
ey,站
ey,路
ii,
ii,O
ii,sh
ii,演
iy,=)
iy,O
iy,演
oC,O
oC,sh
oC,于
oC,演
ste |,
ste |,%
ste |,-一
ste |,By
ste |,Na
ste |,O
ste |,tf
ste |,路
sul,
sul,-一
sul,By
sul,Na
sul,O
sul,站
sul,路
te,=)
te,O
te,演
uy,O
uy,sh
uy,演
x,
x,%
x,By
x,Na
x,tf
z,
z,*
z,Es
~,
~,=)
~,O
~,sh
~,演
¥,
¥,%
¥,By
¥,Na
¥,O
¥,sh
¥,于
¥,演
到,
到,%
到,-一
到,By
到,Na
到,a
到,tf
到,站
到,路
加,
加,%
加,-一
加,=)
加,By
加,Es
加,He
加,Na
加,O
加,a
加,a)
加,sh
加,tf
加,°
加,下
加,于
加,演
加,站
加,路
和,
和,*
和,°
和,下
国,O
国,sh
国,于
国,演
好,
好,%
好,Na
好,O
好,站
好,路
性,
性,O
性,sh
性,于
性,演
未,=)
未,Kaa
未,O
未,sh
未,于
未,演
